{
  "rmse": 11.87737499379236,
  "mae": 8.861766815185547,
  "r2": 0.912152111530304,
  "nasa_score": 215.92860650775307,
  "phm_score": 2.1592860650775307,
  "training_time": 2.595578670501709,
  "prediction_time": 0.0029115676879882812,
  "predictions": [
    108.58584594726562,
    122.39810943603516,
    37.525814056396484,
    95.77017211914062,
    98.71306610107422,
    100.26583099365234,
    109.29634857177734,
    107.39114379882812,
    119.1021957397461,
    90.59701538085938,
    93.26929473876953,
    104.56620788574219,
    82.04401397705078,
    111.14466094970703,
    99.52786254882812,
    92.48133850097656,
    53.71284103393555,
    38.29532241821289,
    94.0208740234375,
    9.720440864562988,
    65.60608673095703,
    124.59017944335938,
    118.8692626953125,
    21.814632415771484,
    113.93971252441406,
    112.79788970947266,
    89.08401489257812,
    99.08663940429688,
    103.59928894042969,
    113.77056121826172,
    6.433384895324707,
    48.69609832763672,
    116.89071655273438,
    7.0439324378967285,
    14.344429016113281,
    14.412026405334473,
    29.376415252685547,
    51.593746185302734,
    125.33784484863281,
    33.74676513671875,
    25.247371673583984,
    16.661394119262695,
    69.50215911865234,
    107.21092987060547,
    81.152587890625,
    41.788169860839844,
    118.37351989746094,
    96.27398681640625,
    9.47857666015625,
    103.54358673095703,
    106.06373596191406,
    23.73978042602539,
    25.172130584716797,
    114.3990707397461,
    111.28311920166016,
    18.739952087402344,
    105.3164291381836,
    39.19497299194336,
    113.30889129638672,
    111.32946014404297,
    19.4355411529541,
    41.36511993408203,
    92.54163360595703,
    25.987852096557617,
    119.54901885986328,
    16.196733474731445,
    110.39682006835938,
    8.042943000793457,
    114.8353271484375,
    94.01769256591797,
    113.91687774658203,
    67.75159454345703,
    111.96016693115234,
    106.7020263671875,
    113.09571838378906,
    8.332091331481934,
    28.0165958404541,
    102.29544067382812,
    85.46234893798828,
    99.827392578125,
    6.895224571228027,
    11.311007499694824,
    123.90697479248047,
    76.79916381835938,
    128.74424743652344,
    97.62531280517578,
    113.3672866821289,
    122.90672302246094,
    118.13932800292969,
    30.570533752441406,
    40.37985610961914,
    24.903322219848633,
    51.609012603759766,
    75.82950592041016,
    110.44847106933594,
    114.48389434814453,
    84.71451568603516,
    75.05142974853516,
    115.96279907226562,
    29.442710876464844
  ],
  "n_features": 204,
  "n_train_samples": 17731,
  "n_test_samples": 100
}